{"omega0": [0.26533333333333325, 0.31333333333333324, 0.372, 0.2706666666666667, 0.324, 0.35866666666666674, 0.27866666666666673, 0.34, 0.364, 0.292, 0.31066666666666676, 0.3773333333333333, 0.24133333333333332, 0.3293333333333333, 0.3613333333333333, 0.276, 0.34533333333333327, 0.3933333333333333, 0.28666666666666674, 0.308, 0.3746666666666667, 0.25466666666666665, 0.29466666666666674, 0.3986666666666667, 0.24933333333333332, 0.32133333333333325, 0.3906666666666667, 0.2626666666666667, 0.332, 0.3826666666666667, 0.2573333333333333, 0.3, 0.3853333333333333, 0.2893333333333333, 0.31866666666666676, 0.3693333333333333, 0.28400000000000003, 0.316, 0.356, 0.252, 0.2973333333333333, 0.38, 0.27333333333333326, 0.33733333333333326, 0.3666666666666667, 0.268, 0.32666666666666677, 0.388, 0.26, 0.34266666666666673, 0.3533333333333333, 0.28133333333333327, 0.3053333333333333, 0.34800000000000003, 0.244, 0.30266666666666675, 0.396, 0.24666666666666667, 0.3346666666666667, 0.35066666666666674], "omegab": [0.05183333333333334, 0.0415, 0.05783333333333334, 0.055166666666666656, 0.05316666666666666, 0.041166666666666664, 0.0525, 0.0405, 0.05716666666666666, 0.05116666666666666, 0.04016666666666667, 0.05683333333333334, 0.0535, 0.04316666666666666, 0.0515, 0.058833333333333335, 0.04416666666666666, 0.04783333333333334, 0.04916666666666666, 0.04083333333333333, 0.05416666666666666, 0.047166666666666655, 0.0555, 0.04216666666666666, 0.05216666666666666, 0.0425, 0.056499999999999995, 0.041833333333333333, 0.059833333333333336, 0.05283333333333334, 0.0485, 0.04283333333333334, 0.058499999999999996, 0.0595, 0.0495, 0.0445, 0.05816666666666666, 0.0505, 0.04616666666666666, 0.05583333333333334, 0.048166666666666656, 0.0465, 0.05083333333333334, 0.0545, 0.04583333333333334, 0.05916666666666666, 0.04983333333333334, 0.0455, 0.0435, 0.0475, 0.056166666666666656, 0.04883333333333334, 0.04516666666666666, 0.057499999999999996, 0.04383333333333334, 0.05483333333333334, 0.05016666666666666, 0.04683333333333334, 0.044833333333333336, 0.05383333333333334], "hubble": [0.627, 0.655, 0.719, 0.6709999999999999, 0.631, 0.697, 0.729, 0.637, 0.6829999999999999, 0.6769999999999999, 0.707, 0.625, 0.691, 0.6789999999999999, 0.639, 0.643, 0.6990000000000001, 0.651, 0.7050000000000001, 0.663, 0.633, 0.623, 0.695, 0.687, 0.713, 0.669, 0.6469999999999999, 0.657, 0.6289999999999999, 0.727, 0.645, 0.7170000000000001, 0.667, 0.689, 0.621, 0.725, 0.681, 0.723, 0.611, 0.615, 0.721, 0.6649999999999999, 0.661, 0.6409999999999999, 0.715, 0.6529999999999999, 0.701, 0.6349999999999999, 0.7110000000000001, 0.617, 0.6849999999999999, 0.675, 0.613, 0.6930000000000001, 0.703, 0.619, 0.673, 0.649, 0.6589999999999999, 0.709], "scalar_amp": [2.1466666666666667e-09, 1.9600000000000003e-09, 2.3066666666666666e-09, 2.4266666666666666e-09, 1.8533333333333338e-09, 2e-09, 2.3866666666666663e-09, 2.1733333333333337e-09, 1.72e-09, 1.7866666666666665e-09, 2.3200000000000003e-09, 2.12e-09, 2.0933333333333335e-09, 2.4666666666666664e-09, 1.7466666666666668e-09, 1.9866666666666664e-09, 1.8000000000000002e-09, 2.3333333333333335e-09, 2.48e-09, 1.7333333333333336e-09, 2.0800000000000003e-09, 2.0266666666666663e-09, 1.8133333333333337e-09, 2.373333333333334e-09, 1.9466666666666666e-09, 2.16e-09, 2.4533333333333335e-09, 2.1066666666666664e-09, 2.2666666666666663e-09, 1.9333333333333337e-09, 2.4133333333333337e-09, 1.92e-09, 2.013333333333334e-09, 1.7733333333333334e-09, 2.4e-09, 2.1866666666666666e-09, 2.36e-09, 1.7066666666666668e-09, 2.04e-09, 2.28e-09, 2.0666666666666666e-09, 1.9066666666666667e-09, 1.7600000000000001e-09, 2.44e-09, 2.2266666666666664e-09, 2.0533333333333337e-09, 2.253333333333334e-09, 1.893333333333334e-09, 1.8666666666666664e-09, 2.2e-09, 2.3466666666666664e-09, 2.24e-09, 1.84e-09, 2.133333333333334e-09, 2.2933333333333337e-09, 1.88e-09, 2.213333333333334e-09, 1.8266666666666666e-09, 2.493333333333334e-09, 1.9733333333333335e-09], "ns": [0.9966666666666666, 0.93, 0.9593333333333334, 0.9446666666666667, 0.998, 0.9526666666666667, 0.9393333333333334, 0.9633333333333334, 0.9753333333333334, 0.9206666666666667, 0.9713333333333334, 0.978, 0.9793333333333334, 0.9326666666666666, 0.9540000000000001, 0.966, 0.9886666666666666, 0.9380000000000001, 0.9873333333333334, 0.9646666666666667, 0.9233333333333333, 0.934, 0.994, 0.962, 0.9433333333333334, 0.9993333333333334, 0.9553333333333334, 0.9673333333333334, 0.9420000000000001, 0.9766666666666667, 0.974, 0.9313333333333333, 0.9500000000000001, 0.9460000000000001, 0.9473333333333334, 0.9846666666666667, 0.9833333333333334, 0.9566666666666667, 0.9406666666666667, 0.9513333333333334, 0.9953333333333334, 0.9273333333333333, 0.958, 0.986, 0.9286666666666666, 0.9246666666666667, 0.9606666666666667, 0.982, 0.9686666666666667, 0.9926666666666666, 0.926, 0.922, 0.97, 0.99, 0.9486666666666667, 0.9353333333333333, 0.9806666666666667, 0.9913333333333334, 0.9726666666666667, 0.9366666666666666], "bounds": [[0.24, 0.4], [0.04, 0.06], [0.61, 0.73], [1.7000000000000001e-09, 2.5e-09], [0.92, 1.0]], "parameter_names": ["omega0", "omegab", "hubble", "scalar_amp", "ns"], "box": 128, "npart": 128}