{"omega0": [0.36, 0.296, 0.264, 0.376, 0.392, 0.34400000000000003, 0.328, 0.312, 0.28, 0.248], "omegab": [0.045, 0.049, 0.056999999999999995, 0.047, 0.043000000000000003, 0.059, 0.041, 0.051000000000000004, 0.055, 0.053000000000000005], "hubble": [0.652, 0.7, 0.616, 0.6759999999999999, 0.664, 0.64, 0.688, 0.712, 0.628, 0.724], "scalar_amp": [2.14e-09, 2.38e-09, 1.98e-09, 1.7400000000000002e-09, 2.22e-09, 1.8200000000000001e-09, 2.3e-09, 2.06e-09, 2.46e-09, 1.9e-09], "ns": [0.972, 0.988, 0.98, 0.996, 0.924, 0.9560000000000001, 0.932, 0.964, 0.9400000000000001, 0.9480000000000001], "bounds": [[0.24, 0.4], [0.04, 0.06], [0.61, 0.73], [1.7000000000000001e-09, 2.5e-09], [0.92, 1.0]], "parameter_names": ["omega0", "omegab", "hubble", "scalar_amp", "ns"], "box": 512, "npart": 512}